type,content,options,answer,score,analysis,difficulty,chapter,knowledge_point
single,在Python中，以下哪个关键字用于定义函数？,"{""A"": ""function"", ""B"": ""def"", ""C"": ""func"", ""D"": ""define""}",B,2,在Python中，使用def关键字来定义函数。function是JavaScript中的关键字，func和define不是Python的关键字。,1,Python基础,函数定义
single,以下哪个不是Python的数据类型？,"{""A"": ""int"", ""B"": ""float"", ""C"": ""string"", ""D"": ""double""}",D,2,Python中的基本数据类型包括int（整数）、float（浮点数）、str（字符串）等，但没有double类型，double是其他语言如Java中的类型。,1,Python基础,数据类型
single,HTTP协议默认使用的端口号是？,"{""A"": ""21"", ""B"": ""22"", ""C"": ""80"", ""D"": ""443""}",C,2,HTTP协议默认使用80端口，HTTPS默认使用443端口，FTP使用21端口，SSH使用22端口。,2,计算机网络,HTTP协议
single,在数据库中，用于唯一标识一条记录的字段称为？,"{""A"": ""索引"", ""B"": ""主键"", ""C"": ""外键"", ""D"": ""约束""}",B,2,主键(Primary Key)是用于唯一标识表中每条记录的字段或字段组合。索引用于加速查询，外键用于建立表之间的关系。,2,数据库基础,主键概念
single,以下哪个算法不是排序算法？,"{""A"": ""快速排序"", ""B"": ""二分查找"", ""C"": ""冒泡排序"", ""D"": ""插入排序""}",B,2,二分查找是一种搜索算法，不是排序算法。快速排序、冒泡排序和插入排序都是常见的排序算法。,3,数据结构,排序算法
single,在面向对象编程中，子类继承父类的特性称为？,"{""A"": ""封装"", ""B"": ""继承"", ""C"": ""多态"", ""D"": ""抽象""}",B,2,继承是面向对象的三大特性之一，允许子类获得父类的属性和方法。封装是隐藏内部实现，多态是同一接口有不同实现。,2,面向对象,继承概念
single,IP地址192.168.1.1属于哪类地址？,"{""A"": ""A类地址"", ""B"": ""B类地址"", ""C"": ""C类地址"", ""D"": ""D类地址""}",C,2,IP地址根据第一个字节分类：A类(1-126)、B类(128-191)、C类(192-223)、D类(224-239)。192开头属于C类地址。,2,计算机网络,IP地址分类
single,以下哪个是Python的标准库？,"{""A"": ""numpy"", ""B"": ""pandas"", ""C"": ""os"", ""D"": ""tensorflow""}",C,2,os是Python的标准库，用于与操作系统交互。numpy、pandas和tensorflow都是第三方库，需要额外安装。,1,Python基础,标准库
single,在SQL中，用于查询数据的关键字是？,"{""A"": ""UPDATE"", ""B"": ""DELETE"", ""C"": ""SELECT"", ""D"": ""INSERT""}",C,2,SELECT用于查询数据，UPDATE用于更新数据，DELETE用于删除数据，INSERT用于插入数据。,2,数据库基础,SQL语句
single,以下哪个不是常见的HTTP状态码？,"{""A"": ""200"", ""B"": ""301"", ""C"": ""404"", ""D"": ""505""}",D,2,200表示成功，301表示重定向，404表示未找到。505不是标准HTTP状态码，500表示服务器错误。,2,计算机网络,HTTP状态码
multiple,以下哪些是Python的内置函数？（多选）,"{""A"": ""print()"", ""B"": ""len()"", ""C"": ""sort()"", ""D"": ""range()""}","A,B,D",4,print()、len()和range()都是Python的内置函数。sort()是列表的方法，不是内置函数。,1,Python基础,内置函数
multiple,以下哪些是常见的数据库管理系统？（多选）,"{""A"": ""MySQL"", ""B"": ""PostgreSQL"", ""C"": ""MongoDB"", ""D"": ""Git""}","A,B,C",4,MySQL、PostgreSQL是关系型数据库，MongoDB是NoSQL数据库。Git是版本控制系统，不是数据库。,2,数据库基础,数据库系统
multiple,以下哪些是面向对象的特性？（多选）,"{""A"": ""封装"", ""B"": ""继承"", ""C"": ""多态"", ""D"": ""递归""}","A,B,C",4,封装、继承、多态是面向对象的三大特性。递归是一种编程技巧，不是面向对象特性。,2,面向对象,三大特性
multiple,以下哪些是TCP/IP协议族的协议？（多选）,"{""A"": ""TCP"", ""B"": ""UDP"", ""C"": ""HTTP"", ""D"": ""HTML""}","A,B,C",4,TCP、UDP是传输层协议，HTTP是应用层协议。HTML是标记语言，不是协议。,2,计算机网络,TCP/IP协议
multiple,以下哪些是常见的机器学习算法？（多选）,"{""A"": ""线性回归"", ""B"": ""决策树"", ""C"": ""快速排序"", ""D"": ""随机森林""}","A,B,D",4,线性回归、决策树、随机森林都是机器学习算法。快速排序是排序算法，不是机器学习算法。,3,机器学习,算法分类
judge,Python是一种编译型语言。,,错,1,Python是解释型语言，不需要编译成机器码，可以直接由解释器执行。,1,Python基础,语言类型
judge,HTTP是无状态协议。,,对,1,HTTP协议本身是无状态的，即服务器不会保存客户端的状态信息。需要使用Cookie或Session来维持状态。,2,计算机网络,HTTP特性
judge,在关系数据库中，NULL表示空字符串。,,错,1,NULL表示缺少值或未知值，与空字符串('')不同。空字符串是一个有效的字符串值，而NULL表示不存在值。,2,数据库基础,NULL概念
judge,栈的特点是先进先出(FIFO)。,,错,1,栈的特点是后进先出(LIFO)，队列的特点是先进先出(FIFO)。,3,数据结构,栈和队列
judge,HTTPS比HTTP更安全，因为它使用了SSL/TLS加密。,,对,1,HTTPS在HTTP基础上加入了SSL/TLS层，对数据进行加密传输，防止数据被窃取或篡改。,2,计算机网络,HTTPS安全
fill,在Python中，______函数用于获取列表的长度。,,"len",2,len()函数是Python的内置函数，用于返回对象的长度或元素个数。,1,Python基础,内置函数
fill,数据库中，______约束用于确保字段的值唯一。,,"UNIQUE",2,UNIQUE约束确保表中某列的所有值都是唯一的，与主键不同的是，它允许NULL值。,2,数据库基础,约束
fill,在TCP/IP模型中，数据链路层之上是______层。,,"网络",2,TCP/IP模型从下到上依次是：物理层、数据链路层、网络层、传输层、应用层。,2,计算机网络,TCP/IP模型
fill,在面向对象编程中，______是创建对象的蓝图。,,"类",2,类(Class)是对象的模板或蓝图，定义了对象的属性和方法。对象是类的实例。,2,面向对象,类和对象
fill,排序算法中，______排序的平均时间复杂度是O(nlogn)。,,"快速",2,快速排序的平均时间复杂度是O(nlogn)，这是一种高效的排序算法。,3,数据结构,时间复杂度
essay,请简述Python中列表和元组的区别。,,1. 可变性：列表是可变的（可以修改、添加、删除元素），元组是不可变的。\n2. 语法：列表使用方括号[]，元组使用圆括号()。\n3. 性能：元组的访问速度通常比列表快。\n4. 用途：列表适合需要频繁修改的数据，元组适合不需要修改的数据或作为字典的键。,10,本题考查学生对Python中两种重要数据结构的理解和区分能力。,2,Python基础,列表与元组
essay,请简述HTTP和HTTPS的区别。,,1. 安全性：HTTP明文传输，HTTPS加密传输。\n2. 端口：HTTP默认80端口，HTTPS默认443端口。\n3. 证书：HTTPS需要SSL/TLS证书。\n4. 速度：HTTPS因加密解密过程，速度略慢于HTTP。\n5. 信任：HTTPS通过证书验证服务器身份。,10,本题考查学生对网络协议安全性的理解。,2,计算机网络,HTTP与HTTPS
essay,请简述什么是数据库索引，以及它的作用。,,数据库索引是一种数据结构，用于加速数据库查询。\n作用：\n1. 提高查询速度，减少数据扫描量\n2. 加速WHERE条件的过滤\n3. 加速排序和分组操作\n4. 但会降低插入、更新、删除的性能，因为需要维护索引。,10,本题考查学生对数据库索引概念和作用的理解。,2,数据库基础,索引
essay,请简述面向对象编程中封装的概念及其优点。,,封装是将对象的数据和方法绑定在一起，并对外隐藏内部实现细节。\n优点：\n1. 数据安全性：防止外部直接访问和修改对象内部数据\n2. 代码复用：封装的方法可以被多次调用\n3. 模块化：将复杂系统分解为独立的模块\n4. 易于维护：修改内部实现不影响外部使用。,10,本题考查学生对面向对象封装概念的理解。,2,面向对象,封装
essay,请简述TCP三次握手的过程。,,TCP三次握手过程：\n1. 客户端发送SYN包给服务器，表示请求建立连接\n2. 服务器收到SYN包后，回复SYN+ACK包，表示同意建立连接\n3. 客户端收到SYN+ACK包后，发送ACK包确认\n4. 三次握手完成，连接建立，可以开始数据传输。,10,本题考查学生对TCP协议连接建立过程的理解。,2,计算机网络,TCP握手
discussion,请论述人工智能在现代社会中的应用及其影响。,,人工智能的应用领域包括：\n1. 医疗：疾病诊断、药物研发\n2. 金融：风险评估、量化交易\n3. 交通：自动驾驶、智能导航\n4. 教育：个性化学习、智能辅导\n5. 工业：智能制造、质量检测\n\n影响：\n正面：提高效率、改善服务、推动创新\n负面：就业影响、隐私安全、伦理问题\n\n需要平衡发展与监管，确保AI技术造福人类。,15,本题考查学生对人工智能应用和社会影响的综合分析能力。,5,人工智能,应用与影响
discussion,请论述云计算的特点及其对企业的价值。,,云计算的特点：\n1. 按需服务：根据需求弹性获取资源\n2. 可扩展性：快速扩展或收缩资源\n3. 高可用性：多数据中心备份\n4. 成本效益：无需自建基础设施\n5. 自动化管理：自动部署和维护\n\n对企业的价值：\n1. 降低IT成本\n2. 提高业务敏捷性\n3. 专注核心业务\n4. 实现数字化转型。,15,本题考查学生对云计算概念和企业价值的理解。,4,云计算,特点与价值
single,在Python中，以下哪个方法可以向列表末尾添加元素？,"{""A"": ""add()"", ""B"": ""append()"", ""C"": ""push()"", ""D"": ""insert()""}",B,2,append()方法用于向列表末尾添加元素。add()是集合的方法，push()不是Python列表的方法，insert()用于在指定位置插入元素。,1,Python基础,列表操作
single,以下哪个不是Python的保留字？,"{""A"": ""True"", ""B"": ""None"", ""C"": ""print"", ""D"": ""False""}",C,2,True、False、None都是Python的保留字。print是内置函数，不是保留字，可以作为变量名使用（不推荐）。,1,Python基础,保留字
single,在SQL中，用于删除表中数据的语句是？,"{""A"": ""DROP"", ""B"": ""TRUNCATE"", ""C"": ""DELETE"", ""D"": ""REMOVE""}",C,2,DELETE用于删除表中的数据，可以配合WHERE条件。DROP用于删除整个表，TRUNCATE用于清空表。,2,数据库基础,SQL删除
single,以下哪个是面向对象设计原则？,"{""A"": ""DRY"", ""B"": ""KISS"", ""C"": ""SOLID"", ""D"": ""YAGNI""}",C,2,SOLID是面向对象设计的五大原则（单一职责、开闭原则、里氏替换、接口隔离、依赖倒置）。其他是通用编程原则。,2,面向对象,设计原则
single,在计算机网络中，DNS的作用是？,"{""A"": ""文件传输"", ""B"": ""域名解析"", ""C"": ""邮件发送"", ""D"": ""远程登录""}",B,2,DNS(Domain Name System)用于将域名解析为IP地址，让用户可以使用易记的域名访问网站。,2,计算机网络,DNS
multiple,以下哪些是Python的控制流语句？（多选）,"{""A"": ""if"", ""B"": ""for"", ""C"": ""while"", ""D"": ""def""}","A,B,C",4,if是条件语句，for和while是循环语句。def是函数定义关键字，不是控制流语句。,1,Python基础,控制流
multiple,以下哪些是关系数据库的特点？（多选）,"{""A"": ""使用表格存储数据"", ""B"": ""支持SQL查询"", ""C"": ""数据无结构化"", ""D"": ""ACID事务""}","A,B,D",4,关系数据库使用表格存储数据，支持SQL查询，遵循ACID事务原则。数据无结构化是NoSQL数据库的特点。,2,数据库基础,关系数据库
multiple,以下哪些是常见的Web框架？（多选）,"{""A"": ""Django"", ""B"": ""Flask"", ""C"": ""React"", ""D"": ""Spring""}","A,B,D",4,Django和Flask是Python的Web框架，Spring是Java的Web框架。React是前端框架，不是后端框架。,3,Web开发,框架
multiple,以下哪些是操作系统的功能？（多选）,"{""A"": ""进程管理"", ""B"": ""内存管理"", ""C"": ""文件管理"", ""D"": ""编译代码""}","A,B,C",4,进程管理、内存管理、文件管理都是操作系统的核心功能。编译代码是编译器的功能，不是操作系统的功能。,2,操作系统,功能
multiple,以下哪些是数据结构？（多选）,"{""A"": ""数组"", ""B"": ""链表"", ""C"": ""栈"", ""D"": ""变量""}","A,B,C",4,数组、链表、栈都是数据结构。变量是程序中的存储单元，不是数据结构。,3,数据结构,基本概念
judge,Python中的列表是有序的。,,对,1,Python中的列表是有序的，可以通过索引访问元素，元素的顺序会被保留。,1,Python基础,列表特性
judge,SQL中的GROUP BY用于对结果集进行排序。,,错,1,GROUP BY用于对结果集进行分组，ORDER BY才是用于排序的关键字。,2,数据库基础,SQL分组
judge,UDP是面向连接的协议。,,错,1,UDP是无连接协议，不保证数据可靠传输。TCP是面向连接的协议。,2,计算机网络,UDP协议
judge,继承可以实现代码复用。,,对,1,继承允许子类获得父类的属性和方法，从而实现代码复用，减少重复代码。,2,面向对象,继承优点
judge,哈希表的平均查找时间复杂度是O(1)。,,对,1,哈希表通过哈希函数将键映射到数组索引，平均情况下查找时间复杂度为O(1)。,3,数据结构,哈希表
fill,在Python中，______关键字用于异常处理的捕获部分。,,"except",2,try-except语句用于异常处理，except块捕获并处理异常。,1,Python基础,异常处理
fill,数据库中，______语句用于创建新表。,,"CREATE TABLE",2,CREATE TABLE语句用于在数据库中创建新的数据表。,2,数据库基础,表操作
fill,在HTTP请求中，______方法用于获取资源。,,"GET",2,GET方法用于从服务器获取资源，是最常用的HTTP方法之一。,2,计算机网络,HTTP方法
fill,面向对象中，______方法是创建对象时自动调用的方法。,,"__init__",2,__init__是Python中的构造方法，在创建对象时自动调用，用于初始化对象属性。,2,面向对象,构造方法
fill,在排序算法中，______排序是稳定排序。,,"冒泡",2,冒泡排序是稳定排序，即相等元素的相对顺序在排序后保持不变。,3,数据结构,排序稳定性
essay,请简述什么是RESTful API，以及其设计原则。,,RESTful API是一种基于REST架构风格的Web API设计方式。\n设计原则：\n1. 使用HTTP方法表示操作（GET获取、POST创建、PUT更新、DELETE删除）\n2. 无状态通信\n3. 使用统一接口\n4. 资源通过URI标识\n5. 支持多种数据格式（如JSON）。,10,本题考查学生对RESTful API概念和设计原则的理解。,3,Web开发,RESTful
essay,请简述什么是多线程编程，以及其优缺点。,,多线程编程是指在一个进程中同时执行多个线程。\n优点：\n1. 提高程序响应性\n2. 充分利用多核CPU\n3. 便于处理I/O密集型任务\n\n缺点：\n1. 线程安全问题\n2. 增加代码复杂度\n3. 可能产生死锁。,10,本题考查学生对多线程编程概念的理解。,3,并发编程,多线程
essay,请简述数据库事务的ACID特性。,,ACID是数据库事务的四大特性：\n1. 原子性(Atomicity)：事务中的操作要么全部执行，要么全部不执行\n2. 一致性(Consistency)：事务前后数据库状态保持一致\n3. 隔离性(Isolation)：事务之间相互隔离，互不干扰\n4. 持久性(Durability)：事务提交后，数据永久保存。,10,本题考查学生对数据库事务特性的理解。,2,数据库基础,事务ACID
essay,请简述什么是Git，以及其主要功能。,,Git是一个分布式版本控制系统。\n主要功能：\n1. 版本控制：记录文件的历史变更\n2. 分支管理：支持并行开发\n3. 协作开发：多人协同工作\n4. 代码回滚：恢复到历史版本\n5. 分布式：每个开发者都有完整的仓库副本。,10,本题考查学生对版本控制工具的理解。,2,开发工具,Git
discussion,请论述大数据技术对企业的影响和挑战。,,大数据技术的影响：\n1. 决策支持：基于数据分析做出更明智的决策\n2. 客户洞察：深入了解客户行为和需求\n3. 运营优化：优化业务流程和资源配置\n4. 创新驱动：发现新的商业模式和机会\n\n挑战：\n1. 数据质量：数据的准确性和完整性\n2. 隐私安全：数据保护和合规\n3. 技术复杂度：需要专业的技术人才\n4. 基础设施：存储和处理大规模数据的能力。,15,本题考查学生对大数据技术的综合分析能力。,4,大数据,影响与挑战
discussion,请论述软件测试的重要性及其主要方法。,,软件测试的重要性：\n1. 发现缺陷：确保软件质量\n2. 降低风险：减少上线后的问题\n3. 提高可靠性：增强用户信任\n4. 节约成本：早期发现问题成本更低\n\n主要测试方法：\n1. 单元测试：测试单个模块\n2. 集成测试：测试模块间的交互\n3. 系统测试：测试整个系统\n4. 验收测试：验证是否满足需求\n5. 自动化测试：使用工具自动执行测试。,15,本题考查学生对软件测试的理解和分析能力。,3,软件工程,测试方法
single,在Python中，以下哪个运算符用于判断是否相等？,"{""A"": ""="", ""B"": ""=="", ""C"": ""==="", ""D"": ""!=""",B,2,==用于判断两个值是否相等，=是赋值运算符，===在Python中不存在，!=用于判断不相等。,1,Python基础,运算符
single,以下哪个不是HTTP方法？,"{""A"": ""GET"", ""B"": ""POST"", ""C"": ""UPDATE"", ""D"": ""DELETE""}",C,2,HTTP标准方法包括GET、POST、PUT、DELETE等。UPDATE不是标准HTTP方法，通常用PUT或PATCH进行更新。,2,计算机网络,HTTP方法
single,在数据库中，用于建立表之间关系的字段称为？,"{""A"": ""主键"", ""B"": ""外键"", ""C"": ""索引"", ""D"": ""约束""}",B,2,外键(Foreign Key)用于建立和强制两个表之间的链接，引用另一个表的主键。,2,数据库基础,外键概念
single,以下哪个是Python的包管理工具？,"{""A"": ""npm"", ""B"": ""pip"", ""C"": ""composer"", ""D"": ""maven""}",B,2,pip是Python的包管理工具，用于安装和管理Python包。npm是Node.js的包管理工具。,1,Python基础,包管理
single,在面向对象中，同一个接口有不同实现称为？,"{""A"": ""封装"", ""B"": ""继承"", ""C"": ""多态"", ""D"": ""抽象""}",C,2,多态是指同一个接口或方法可以有不同的实现方式，允许不同对象以不同方式响应相同的消息。,2,面向对象,多态
multiple,以下哪些是Python中的异常类型？（多选）,"{""A"": ""ValueError"", ""B"": ""TypeError"", ""C"": ""FileNotFoundError"", ""D"": ""SyntaxError""}","A,B,C,D",4,ValueError表示值错误，TypeError表示类型错误，FileNotFoundError表示文件未找到，SyntaxError表示语法错误，都是Python的内置异常类型。,1,Python基础,异常类型
multiple,以下哪些是常见的操作系统？（多选）,"{""A"": ""Windows"", ""B"": ""Linux"", ""C"": ""macOS"", ""D"": ""Office""}","A,B,C",4,Windows、Linux、macOS都是操作系统。Office是办公软件套件，不是操作系统。,2,操作系统,常见系统
multiple,以下哪些是数据挖掘技术？（多选）,"{""A"": ""聚类分析"", ""B"": ""关联规则"", ""C"": ""决策树"", ""D"": ""排序算法""}","A,B,C",4,聚类分析、关联规则、决策树都是数据挖掘技术。排序算法是基础算法，不是数据挖掘技术。,4,数据挖掘,技术分类
multiple,以下哪些是Web开发的前端技术？（多选）,"{""A"": ""HTML"", ""B"": ""CSS"", ""C"": ""JavaScript"", ""D"": ""Python""}","A,B,C",4,HTML、CSS、JavaScript是前端开发的三大核心技术。Python主要用于后端开发。,3,Web开发,前端技术
multiple,以下哪些是数据库的完整性约束？（多选）,"{""A"": ""主键约束"", ""B"": ""外键约束"", ""C"": ""唯一约束"", ""D"": ""索引""}","A,B,C",4,主键约束、外键约束、唯一约束都是数据库的完整性约束。索引是用于加速查询的数据结构，不是约束。,2,数据库基础,约束
judge,Python中的字典是无序的（Python 3.7之前）。,,对,1,在Python 3.7之前，字典是无序的。Python 3.7及之后，字典保持插入顺序。,1,Python基础,字典特性
judge,SQL中的INNER JOIN只返回两个表中匹配的行。,,对,1,INNER JOIN返回两个表中满足连接条件的行，不匹配的行不会出现在结果中。,2,数据库基础,SQL连接
judge,CPU是计算机的内存部件。,,错,1,CPU是中央处理器，负责执行指令和处理数据。内存是存储数据的部件，如RAM。,2,计算机基础,硬件组成
judge,递归函数必须有终止条件。,,对,1,递归函数如果没有终止条件，会导致无限递归，最终引发栈溢出错误。,3,编程基础,递归
judge,JSON是一种轻量级的数据交换格式。,,对,1,JSON(JavaScript Object Notation)是一种简洁的文本格式，常用于数据交换和配置文件。,2,数据格式,JSON
fill,在Python中，______函数用于读取文件内容。,,"open",2,open()函数用于打开文件，配合read()方法可以读取文件内容。,1,Python基础,文件操作
fill,在TCP/IP模型中，______层负责端到端的数据传输。,,"传输",2,传输层负责在源主机和目的主机的应用程序之间提供端到端的通信服务，主要协议有TCP和UDP。,2,计算机网络,TCP/IP模型
fill,数据库中，______查询用于从多个表中获取数据。,,"JOIN",2,JOIN查询用于根据两个或多个表之间的相关列，将这些表的行组合在一起。,2,数据库基础,多表查询
fill,在面向对象中，子类重写父类的方法称为______。,,"方法重写",2,方法重写(Method Overriding)是指子类重新定义父类中已有的方法，实现多态性。,2,面向对象,方法重写
fill,时间复杂度O(n)表示算法的执行时间与______成正比。,,"输入规模",2,O(n)表示算法的执行时间与输入规模n成正比，是线性时间复杂度。,3,数据结构,时间复杂度
essay,请简述什么是面向对象编程，以及其核心思想。,,面向对象编程(Object-Oriented Programming)是一种编程范式。\n核心思想：\n1. 以对象为基本单元\n2. 对象包含数据(属性)和行为(方法)\n3. 通过消息传递实现对象间的交互\n4. 三大特性：封装、继承、多态\n5. 强调代码的复用性和可维护性。,10,本题考查学生对面向对象编程概念的理解。,2,面向对象,核心思想
essay,请简述什么是缓存，以及其作用。,,缓存是临时存储数据的技术，用于加快数据访问速度。\n作用：\n1. 提高响应速度：减少数据获取时间\n2. 降低服务器负载：减少对原始数据源的访问\n3. 改善用户体验：更快的页面加载\n4. 常见类型：浏览器缓存、数据库缓存、CDN缓存。,10,本题考查学生对缓存概念和作用的理解。,3,性能优化,缓存
essay,请简述什么是API，以及其在软件开发中的作用。,,API(Application Programming Interface)是应用程序编程接口。\n作用：\n1. 实现软件模块间的通信\n2. 提供标准化的接口\n3. 促进代码复用\n4. 支持系统集成\n5. 实现前后端分离。,10,本题考查学生对API概念和作用的理解。,3,Web开发,API
essay,请简述什么是加密，以及常见的加密方式。,,加密是将明文转换为密文的过程，保护数据安全。\n常见加密方式：\n1. 对称加密：使用相同密钥加密和解密（如AES）\n2. 非对称加密：使用公钥和私钥（如RSA）\n3. 哈希函数：单向加密，用于数据完整性验证（如MD5、SHA-256）。,10,本题考查学生对加密技术的理解。,2,网络安全,加密技术
discussion,请论述信息安全的重要性及常见的安全威胁。,,信息安全的重要性：\n1. 保护个人隐私\n2. 维护企业数据安全\n3. 保障国家信息安全\n4. 防止经济损失\n\n常见安全威胁：\n1. 恶意软件：病毒、木马、勒索软件\n2. 网络攻击：DDoS、SQL注入、XSS\n3. 数据泄露：内部泄露、外部窃取\n4. 身份冒充：钓鱼、诈骗\n\n应对措施：\n1. 加密传输和存储\n2. 访问控制\n3. 安全审计\n4. 员工培训。,15,本题考查学生对信息安全的综合分析能力。,2,网络安全,安全威胁
discussion,请论述敏捷开发的特点及其优势。,,敏捷开发的特点：\n1. 迭代开发：将项目分解为多个迭代周期\n2. 需求驱动：响应变化的需求\n3. 团队协作：强调团队沟通和协作\n4. 持续交付：频繁交付可用的软件\n5. 反馈机制：及时获取用户反馈\n\n优势：\n1. 更快的上市时间\n2. 更高的客户满意度\n3. 更好的适应性\n4. 提高团队效率\n5. 降低项目风险。,15,本题考查学生对敏捷开发方法论的理解。,3,软件工程,敏捷开发
single,在Python中，以下哪个方法用于遍历字典的键？,"{""A"": ""keys()"", ""B"": ""values()"", ""C"": ""items()"", ""D"": ""get()""}",A,2,keys()方法返回字典所有键的视图对象，values()返回值，items()返回键值对，get()获取指定键的值。,1,Python基础,字典操作
single,以下哪个是Python的虚拟环境管理工具？,"{""A"": ""virtualenv"", ""B"": ""npm"", ""C"": ""docker"", ""D"": ""git""}",A,2,virtualenv是Python的虚拟环境管理工具，用于创建隔离的Python环境。npm是Node.js的包管理器。,1,Python基础,虚拟环境
single,在网络中，MAC地址工作在哪个层？,"{""A"": ""物理层"", ""B"": ""数据链路层"", ""C"": ""网络层"", ""D"": ""传输层""}",B,2,MAC地址是数据链路层的地址，用于局域网内的设备标识。IP地址工作在网络层。,2,计算机网络,MAC地址
single,以下哪个不是常见的软件架构模式？,"{""A"": ""MVC"", ""B"": ""MVVM"", ""C"": ""REST"", ""D"": ""TCP/IP""}",D,2,MVC、MVVM是软件架构模式，REST是API设计风格。TCP/IP是网络协议栈，不是软件架构模式。,3,软件架构,架构模式
single,在数据库中，索引的主要作用是？,"{""A"": ""增加数据安全性"", ""B"": ""提高查询速度"", ""C"": ""减少存储空间"", ""D"": ""简化数据插入""}",B,2,索引的主要作用是提高数据库查询速度，通过索引可以快速定位数据，减少全表扫描。,2,数据库基础,索引作用
multiple,以下哪些是Python的内置数据结构？（多选）,"{""A"": ""列表"", ""B"": ""字典"", ""C"": ""集合"", ""D"": ""数组""}","A,B,C",4,列表、字典、集合都是Python的内置数据结构。数组不是Python的内置类型，需要导入array模块或使用numpy。,1,Python基础,数据结构
multiple,以下哪些是常见的中间件？（多选）,"{""A"": ""Nginx"", ""B"": ""Redis"", ""C"": ""RabbitMQ"", ""D"": ""MySQL""}","A,B,C",4,Nginx是Web服务器/反向代理，Redis是缓存中间件，RabbitMQ是消息队列。MySQL是数据库，不是中间件。,3,中间件,常见类型
multiple,以下哪些是软件开发生命周期的阶段？（多选）,"{""A"": ""需求分析"", ""B"": ""设计"", ""C"": ""编码"", ""D"": ""测试""}","A,B,C,D",4,需求分析、设计、编码、测试都是软件开发生命周期的重要阶段。,3,软件工程,开发生命周期
multiple,以下哪些是计算机网络的分类？（多选）,"{""A"": ""局域网"", ""B"": ""城域网"", ""C"": ""广域网"", ""D"": ""互联网""}","A,B,C,D",4,局域网(LAN)、城域网(MAN)、广域网(WAN)、互联网(Internet)都是计算机网络的分类。,2,计算机网络,网络分类
multiple,以下哪些是版本控制工具？（多选）,"{""A"": ""Git"", ""B"": ""SVN"", ""C"": ""Mercurial"", ""D"": ""Docker""}","A,B,C",4,Git、SVN、Mercurial都是版本控制工具。Docker是容器化平台，不是版本控制工具。,2,开发工具,版本控制
judge,Python支持面向对象编程。,,对,1,Python是一种支持面向对象编程的高级编程语言，可以定义类和对象。,1,Python基础,编程范式
judge,SQL中的SELECT语句只能查询单个表。,,错,1,SQL中的SELECT语句可以通过JOIN操作查询多个表，获取关联数据。,2,数据库基础,SQL查询
judge,HTTPS使用SSL/TLS协议进行加密。,,对,1,HTTPS在HTTP协议基础上加入了SSL/TLS层，对数据传输进行加密，确保通信安全。,2,计算机网络,HTTPS
judge,栈和队列都是线性数据结构。,,对,1,栈和队列都是线性数据结构，栈是后进先出，队列是先进先出。,3,数据结构,线性结构
judge,Python中的变量不需要声明类型。,,对,1,Python是动态类型语言，变量的类型在运行时确定，不需要提前声明类型。,1,Python基础,动态类型
fill,在Python中，______关键字用于定义类。,,"class",2,class关键字用于定义类，是面向对象编程的基础。,2,面向对象,类定义
fill,在HTTP响应中，______状态码表示请求成功。,,"200",2,HTTP状态码200表示请求成功，服务器成功处理了请求并返回数据。,2,计算机网络,HTTP状态码
fill,数据库中，______语句用于更新表中数据。,,"UPDATE",2,UPDATE语句用于修改表中已有的数据，可以配合WHERE条件指定更新的行。,2,数据库基础,数据更新
fill,在面向对象中，对象的特征称为______。,,"属性",2,属性是对象的特征或数据，方法是对象的行为。,2,面向对象,属性和方法
fill,算法的时间复杂度表示算法的______效率。,,"时间",2,时间复杂度表示算法的执行时间随输入规模增长的变化情况，是衡量算法效率的重要指标。,3,数据结构,算法效率
essay,请简述什么是微服务架构，以及其优缺点。,,微服务架构是一种将应用程序拆分为独立服务的架构模式。\n优点：\n1. 高可扩展性：可以独立扩展每个服务\n2. 高可用性：单个服务故障不影响整体\n3. 技术多样性：不同服务可使用不同技术\n4. 独立部署：加快发布周期\n\n缺点：\n1. 系统复杂度增加\n2. 分布式事务处理复杂\n3. 网络延迟增加\n4. 运维难度提高。,10,本题考查学生对微服务架构的理解。,3,软件架构,微服务
essay,请简述什么是Docker，以及其优势。,,Docker是一种容器化平台，用于打包应用及其依赖。\n优势：\n1. 环境一致性：确保开发、测试、生产环境一致\n2. 轻量级：容器共享宿主机内核，比虚拟机更轻\n3. 快速部署：秒级启动\n4. 可移植性：在任何支持Docker的环境中运行\n5. 隔离性：容器之间相互隔离。,10,本题考查学生对Docker容器技术的理解。,3,容器技术,Docker
essay,请简述什么是区块链，以及其特点。,,区块链是一种分布式数据库技术。\n特点：\n1. 去中心化：没有中央控制点\n2. 不可篡改：数据一旦写入难以修改\n3. 透明性：所有节点都有完整副本\n4. 安全性：使用密码学保证安全\n5. 共识机制：节点通过共识达成一致。,10,本题考查学生对区块链技术的理解。,4,区块链,概念特点
essay,请简述什么是DevOps，以及其核心思想。,,DevOps是开发和运维的结合，旨在提高软件交付效率。\n核心思想：\n1. 自动化：自动化构建、测试、部署\n2. 持续集成：频繁集成代码\n3. 持续交付：随时可部署\n4. 监控反馈：实时监控和反馈\n5. 协作文化：打破开发和运维的壁垒。,10,本题考查学生对DevOps概念的理解。,3,软件工程,DevOps
discussion,请论述物联网的应用场景及其面临的挑战。,,物联网应用场景：\n1. 智能家居：智能家电、安防系统\n2. 智能交通：车联网、智能导航\n3. 工业物联网：智能制造、设备监控\n4. 医疗健康：远程监护、智能医疗设备\n5. 农业：智能灌溉、环境监测\n\n面临挑战：\n1. 设备安全：大量设备存在安全隐患\n2. 数据隐私：收集大量个人数据\n3. 网络带宽：海量设备需要高带宽\n4. 标准统一：缺乏统一的通信标准\n5. 能耗问题：设备续航能力。,15,本题考查学生对物联网技术的综合分析能力。,4,物联网,应用与挑战
discussion,请论述边缘计算的概念及其与云计算的关系。,,边缘计算是一种将计算和数据存储放在网络边缘的技术。\n与云计算的关系：\n1. 互补关系：边缘计算处理实时、低延迟任务，云计算处理大规模数据和复杂计算\n2. 数据分流：边缘处理本地数据，仅上传必要数据到云端\n3. 降低延迟：减少数据传输距离\n4. 减轻云端压力：分担计算任务\n5. 协同工作：形成边缘-云协同架构。,15,本题考查学生对边缘计算和云计算的理解。,4,云计算,边缘计算